"name","website","sitemap","insights"
,,"[]","Okay, I need the sitemap URLs to perform this analysis. Please provide the sitemap URLs (e.g., URLs to an XML sitemap or a list of URLs). Once I have the URLs, I can analyze them and generate insights regarding:

*   **Key Focus Areas:** I'll identify the primary sections or categories of the website. The structure and depth of these sections will reveal what the company prioritizes.
*   **Business Priorities:** By examining the content within each section, I can infer the company's business goals (e.g., lead generation, e-commerce, content marketing, customer support).
*   **Signs of Growth or Investment:** I'll look for indicators like new sections, frequent updates to existing content, expanded product/service offerings, localized content, or dedicated sections for specific initiatives. The presence of a blog, resource centers, or specialized landing pages suggests investment in marketing and content.
*   **SEO Optimization:** I'll check for canonicalization, proper URL structures, and internal linking.
*   **User Experience (UX):** I will consider how well organized the sitemap is to reveal if it is easy for users to find what they need.
*   **Possible Competitive Analysis:** I can spot opportunities the company could exploit or areas where they might need to focus on improvement.

**Once you provide the sitemap URLs, I will provide a detailed analysis based on the information available in the URLs.**
"
"Unknown Company","http://www.archsolteam.com","[]","Error: No valid sitemap data received."
"Unknown Company","http://www.henneberyeddy.com","[""https://www.henneberyeddy.com/"",""https://www.henneberyeddy.com/our-firm/"",""https://www.henneberyeddy.com/team/"",""https://www.henneberyeddy.com/portland-studio/"",""https://www.henneberyeddy.com/bend-studio/"",""https://www.henneberyeddy.com/bozeman-studio/"",""https://www.henneberyeddy.com/services-markets/"",""https://www.henneberyeddy.com/portfolio/"",""https://www.henneberyeddy.com/awards/"",""https://www.henneberyeddy.com/news/"",""https://www.henneberyeddy.com/opportunities/"",""https://www.henneberyeddy.com/partner-outreach/"",""https://www.henneberyeddy.com/contact/"",""http://www.henneberyeddy.com/project/bend-science-station/"",""https://www.henneberyeddy.com/project/pam-rothko-pavilion/"",""https://www.henneberyeddy.com/project/bozeman-airport-expansion/"",""https://www.henneberyeddy.com/project/hillsboro-shute-park-library/"",""https://www.henneberyeddy.com/project/fire-station-76/"",""https://www.henneberyeddy.com/project/oregon-state-university-strand-agriculture-hall/"",""https://www.henneberyeddy.com/project/great-smoky-mountains-institute-second-campus/"",""https://www.henneberyeddy.com/markets-academic/"",""https://www.henneberyeddy.com/markets-aviation-mobility/"",""http://www.henneberyeddy.com/markets-civic-cultural/"",""https://www.henneberyeddy.com/markets-commercial/"",""http://www.henneberyeddy.com/our-work/services/alternative-delivery/"",""http://www.henneberyeddy.com/our-work/services/portland-historical-architects/"",""http://www.henneberyeddy.com/our-work/services/interior-design/"",""http://www.henneberyeddy.com/our-work/services/net-positive-philosophy-approach/"",""https://www.henneberyeddy.com/2024/12/09/oregon-supreme-court-american-architecture-award/"",""https://www.henneberyeddy.com/2024/11/19/carin-carlson-apt-recognized-professional/"",""https://www.henneberyeddy.com/2024/10/23/central-library-refresh-award/"",""https://www.henneberyeddy.com/tag/hennebery-eddy-gives/"",""tel:503-227-4860"",""mailto:portland@henneberyeddy.com"",""tel:5413136779"",""mailto:bend@henneberyeddy.com"",""tel:4065851112"",""mailto:bozeman@henneberyeddy.com"",""https://www.instagram.com/hennebery.eddy/"",""https://www.linkedin.com/company/hennebery-eddy-architects-inc-/""]","Based on the provided sitemap URLs, here are some insights about Hennebery Eddy Architects:

**1. Core Business & Focus:**

*   **Architecture Firm:** The site clearly represents an architectural firm, showcasing projects, services, and expertise.
*   **Design-Centric:** Emphasis on their portfolio and projects implies a strong focus on design.
*   **Regional Focus:** The presence of specific studio locations (Portland, Bend, Bozeman) indicates a strong presence and activity within the Pacific Northwest and Montana regions.

**2. Site Structure & Information Architecture:**

*   **Standard Architecture Firm Structure:** The site follows a common structure for architecture firms, including sections for:
    *   ""Our Firm"" (About)
    *   ""Team"" (People)
    *   ""Studios"" (Locations)
    *   ""Services & Markets"" (Expertise)
    *   ""Portfolio"" (Projects)
    *   ""Awards"" (Recognition)
    *   ""News"" (Updates)
    *   ""Opportunities"" (Careers)
    *   ""Contact""
*   **Clear Navigation:** The URL structure suggests a logical and relatively easy-to-navigate site, with clear categories and subcategories.
*   **Project Pages:** Individual project pages highlight their work in detail.
*   **Markets & Services Separation:**  ""Services & Markets"" sections offer a breakdown of their expertise by project type and specific architectural services.
*   **News/Blog Functionality:** The ""News"" section and URLs with date formats (e.g., `/2024/12/09/`) point to blog or news updates.  These seem to be used to announce awards and recognition of their team.
*   **Tag functionality:** Tag URL indicates they may use tags to better organize their content.

**3. Key Areas of Expertise:**

*   **Diverse Portfolio:** Project pages showcase projects such as science centers, pavilions, airport expansions, libraries, fire stations, university halls, and institutes.
*   **Markets:** The URLs like `/markets-academic/`, `/markets-aviation-mobility/`, `/markets-civic-cultural/`, and `/markets-commercial/` signify specialized market focuses.
*   **Services:** The URLs like `/our-work/services/alternative-delivery/`, `/our-work/services/portland-historical-architects/`, `/our-work/services/interior-design/`, and `/our-work/services/net-positive-philosophy-approach/` signify specialized architectural services.

**4. Engagement and Outreach:**

*   **""Partner Outreach"" Page:**  This suggests a proactive approach to building and maintaining relationships with collaborators, consultants, and other stakeholders.
*   **""Opportunities"" Page:** Signifies that they are open to recruiting new talent to their company.
*   **Social Media:** Links to Instagram and LinkedIn demonstrate a presence on social media platforms for marketing and networking.

**5. Contact Information:**

*   **Multiple Locations:** The presence of separate email addresses and phone numbers for Portland, Bend, and Bozeman indicate distinct office locations.
*   **Direct Contact:** `mailto:` and `tel:` links allow easy contact via email and phone.

**Overall Impression:**

The sitemap suggests that Hennebery Eddy is a well-established architectural firm with a strong regional presence, a diverse portfolio, and a commitment to providing specialized architectural services. The site structure is organized and user-friendly, and they utilize social media and partner outreach to connect with their audiences. The awards and news section indicate a commitment to design excellence and employee recognition.
"
"Unknown Company","http://www.blendaec.com","[""https://blendaec.com/#top"",""https://blendaec.com/#body"",""https://blendaec.com/?hsLang=en"",""https://blendaec.com/"",""https://blendaec.com/about-blend"",""https://blendaec.com/solutions"",""https://blendaec.com/projects"",""https://blendaec.com/careers"",""https://blendaec.com/contact-us"",""https://blendaec.com/es-es/"",""https://blendaec.com/solutions?hsLang=en"",""https://blendaec.com/contact-us?hsLang=en"",""https://www.youtube.com/watch?v=imxyAFsJxZ8&list=PLHuLltB-phMfAgEAOyYDvQoDybd8XW42U&index=4"",""https://blendaec.com/bim-talent-integration?hsLang=en"",""https://blendaec.com/bim-management-consulting?hsLang=en"",""https://blendaec.com/architectural-coordination-production?hsLang=en"",""https://blendaec.com/bim-coordination?hsLang=en"",""https://blendaec.com/projects?hsLang=en"",""https://blendaec.com/projects/soccer-stadium-in-cordoba-arg?hsLang=en"",""https://blendaec.com/projects/hotel-in-nashville-tn?hsLang=en"",""https://blendaec.com/projects/apartments-in-bozeman-mt?hsLang=en"",""https://blendaec.com/projects/hotel-in-las-vegas-nv?hsLang=en"",""https://blendaec.com/case-studies"",""https://blendaec.com/news-events"",""https://www.linkedin.com/company/blend-aec"",""https://www.instagram.com/blend_aec/"",""https://blendaec.com/privacy-policy?hsLang=en"",""https://blendaec.com/terms-and-conditions?hsLang=en""]","Okay, based on the sitemap provided, here's an analysis and insights about Blend AEC:

**General Observations:**

*   **Clear Focus: AEC (Architecture, Engineering, Construction):** The company name and the content clearly indicate their primary focus is on the AEC industry.
*   **Service-Oriented:**  The presence of ""Solutions,"" ""Projects,"" ""Case Studies"" and specific service pages (BIM-related) shows a service-based business model.
*   **Multilingual (Spanish):** The `/es-es/` URL suggests they cater to a Spanish-speaking audience.
*   **Hubspot Integration:** The `?hsLang=en` parameter indicates they are using Hubspot, likely for marketing automation, analytics, and CRM.
*   **Strong Emphasis on BIM:**  Building Information Modeling (BIM) is a core offering, with several dedicated pages to different aspects of it.
*   **Portfolio Driven:**  The ""Projects"" section is significant, showcasing their experience with diverse projects.
*   **Recruitment is a priority**: The Careers page suggests that the company are looking for new employees, which could indicate growth and expansion.

**Key Sections Breakdown and Insights:**

*   **Homepage:**
    *   `https://blendaec.com/#top` and `https://blendaec.com/#body`: These URLs likely refer to anchors within the homepage for easier navigation (e.g., jumping to the top or a specific section).
    *   `https://blendaec.com/?hsLang=en` and `https://blendaec.com/`: These are the main homepage URLs, one with the Hubspot language parameter.

*   **About Blend:**  `https://blendaec.com/about-blend`: Provides company information, mission, values, team, etc.  Essential for building trust and credibility.

*   **Solutions:** `https://blendaec.com/solutions` and `https://blendaec.com/solutions?hsLang=en`: Details the services they offer. This is a crucial page for potential clients to understand their capabilities.  The specific solutions mentioned (see BIM below) indicate a strong specialization.

*   **Projects:**  `https://blendaec.com/projects` and `https://blendaec.com/projects?hsLang=en`:  Showcase their completed work.  Specific project pages (e.g., `soccer-stadium-in-cordoba-arg`) demonstrate their experience in different project types and locations.

*   **Careers:**  `https://blendaec.com/careers`:  Used for recruitment, indicating potential growth.

*   **Contact Us:**  `https://blendaec.com/contact-us` and `https://blendaec.com/contact-us?hsLang=en`:  A vital page for lead generation and customer inquiries.

*   **Spanish Version:** `https://blendaec.com/es-es/`:  Shows a commitment to reaching a Spanish-speaking market.  This could be a significant differentiator depending on their target region.

*   **BIM Focus:**
    *   `https://blendaec.com/bim-talent-integration?hsLang=en`:  Suggests they offer services related to finding and integrating BIM talent within organizations.
    *   `https://blendaec.com/bim-management-consulting?hsLang=en`:  Indicates consultancy services to help businesses manage their BIM processes effectively.
    *   `https://blendaec.com/architectural-coordination-production?hsLang=en`: Services related to architectural workflows, likely leveraging BIM.
    *   `https://blendaec.com/bim-coordination?hsLang=en`: Core BIM coordination services, essential for large and complex projects.

*   **Portfolio Project Examples:**
    *   `https://blendaec.com/projects/soccer-stadium-in-cordoba-arg?hsLang=en`
    *   `https://blendaec.com/projects/hotel-in-nashville-tn?hsLang=en`
    *   `https://blendaec.com/projects/apartments-in-bozeman-mt?hsLang=en`
    *   `https://blendaec.com/projects/hotel-in-las-vegas-nv?hsLang=en`:  A geographically diverse portfolio, demonstrating their ability to work on projects in various locations.

*   **Case Studies:** `https://blendaec.com/case-studies`: In-depth examples of successful projects, providing more detailed insights and demonstrating value.

*   **News & Events:** `https://blendaec.com/news-events`: Shows company activity and thought leadership.

*   **Social Media:**
    *   `https://www.linkedin.com/company/blend-aec`:  LinkedIn presence for professional networking and company updates.
    *   `https://www.instagram.com/blend_aec/`:  Instagram presence for visual content and potentially showcasing projects.

*   **Legal:**
    *   `https://blendaec.com/privacy-policy?hsLang=en`:  Standard privacy policy.
    *   `https://blendaec.com/terms-and-conditions?hsLang=en`:  Terms of use for the website.

*   **Youtube:**
    *   `https://www.youtube.com/watch?v=imxyAFsJxZ8&list=PLHuLltB-phMfAgEAOyYDvQoDybd8XW42U&index=4`:  Video content, part of a playlist. Likely related to their services, expertise, or projects.

**Inferences and Strategic Considerations:**

*   **Target Audience:** Architects, Engineers, Contractors, and Real Estate Developers looking for BIM expertise, architectural coordination, and project management solutions.
*   **Market Positioning:** They are likely positioning themselves as a specialized BIM and AEC services provider with a strong focus on project execution and geographical reach.
*   **Lead Generation Strategy:** The website structure is geared towards attracting leads and showcasing their expertise. The ""Contact Us"" page and downloadable resources (likely tied to the Hubspot integration) are crucial for capturing leads. The case studies section can act as an incentive for potential customers.
*   **Content Strategy:** The presence of a blog/news section and YouTube channel suggests they are investing in content marketing to attract and engage their target audience.
*   **Opportunities:**
    *   **Expand Spanish Language Content:** Invest further in Spanish-language content and marketing efforts to capture a larger share of that market.
    *   **Strengthen Case Studies:** Develop more in-depth case studies to demonstrate the value of their services with quantifiable results.
    *   **Optimize YouTube Channel:** Focus on creating high-quality video content that addresses common challenges and solutions in the AEC industry.

**In conclusion, Blend AEC appears to be a well-structured and focused company leveraging its website to attract clients, showcase its expertise (particularly in BIM), and engage with the AEC community. The Hubspot integration, social media presence, and content marketing efforts suggest a commitment to digital marketing and lead generation.**
"
"Unknown Company","http://www.huntsmanag.com","[""https://www.huntsmanag.com/"",""https://www.huntsmanag.com/ourwork"",""https://www.huntsmanag.com/teamall"",""https://www.huntsmanag.com/copy-2-of-practice"",""https://www.huntsmanag.com/portfolio/uber-headquarters/52"",""https://www.huntsmanag.com/portfolio/%E2%80%8Btransportation-technology-company"",""https://www.huntsmanag.com/portfolio/%E2%80%8Btransportation-technology-company/56"",""https://www.huntsmanag.com/on-the-boards"",""https://www.huntsmanag.com/general-8"",""https://www.huntsmanag.com/practice"",""https://www.huntsmanag.com/cosmos"",""https://www.sfgate.com/local/article/San-Francisco-Transamerica-Pyramid-renovation-17026630.php?msclkid=c7d890e3c6f711ec8409e0766acdb80e"",""https://www.fastcompany.com/91108215/moodys-designed-a-prototype-office-to-engage-hybrid-employees-its-changing-how-everyone-works"",""https://www.huntsmanag.com/careers"",""https://www.instagram.com/huntsmanag/"",""https://www.linkedin.com/company/huntsman-architectural-group/mycompany/""]","Okay, based on the provided URLs, here's an analysis of Huntsman Architectural Group's website sitemap and some potential insights:

**Sitemap Structure & Key Areas:**

*   **Homepage:** `https://www.huntsmanag.com/` - Standard entry point, likely with a general overview.
*   **Our Work:** `https://www.huntsmanag.com/ourwork` - Portfolio overview page.  This seems to be a core part of their site, showcasing their projects.
*   **Team:** `https://www.huntsmanag.com/teamall` -  Displays the team members and possibly their roles.
*   **Practice:** `https://www.huntsmanag.com/practice` and `https://www.huntsmanag.com/copy-2-of-practice` - Focuses on the firm's areas of specialization. The ""copy-2"" likely indicates a duplicate or draft page.  A redundant URL.
*   **Portfolio Pages:** (Multiple URLs)
    *   `https://www.huntsmanag.com/portfolio/uber-headquarters/52`
    *   `https://www.huntsmanag.com/portfolio/%E2%80%8Btransportation-technology-company`
    *   `https://www.huntsmanag.com/portfolio/%E2%80%8Btransportation-technology-company/56`
    *   These show individual project pages, organized under the `/portfolio/` directory. The presence of numbers (`/52`, `/56`) might indicate a project ID or a versioning system within their content management system (CMS). The URL containing `%E2%80%8B` (zero-width space) suggests a potential issue with how project names are being handled and URL-encoded.
*   **On the Boards:** `https://www.huntsmanag.com/on-the-boards` - Suggests a section dedicated to projects currently in progress or in the design phase.
*   **General-8:** `https://www.huntsmanag.com/general-8` -  This is a generic URL and likely a placeholder or a page that was not properly named. It could be content of any type.
*   **Cosmos:** `https://www.huntsmanag.com/cosmos` - Without knowing the content, it's hard to determine the significance of this page. It might be a specific project, a special initiative, or an internal tool.
*   **Careers:** `https://www.huntsmanag.com/careers` -  Job postings and information about working at Huntsman.
*   **External Articles:**
    *   `https://www.sfgate.com/local/article/San-Francisco-Transamerica-Pyramid-renovation-17026630.php?msclkid=c7d890e3c6f711ec8409e0766acdb80e` - Article about the Transamerica Pyramid renovation, suggesting Huntsman might have been involved.
    *   `https://www.fastcompany.com/91108215/moodys-designed-a-prototype-office-to-engage-hybrid-employees-its-changing-how-everyone-works` - Article about office design for hybrid work, likely highlighting Huntsman's expertise in this area.
*   **Social Media:**
    *   `https://www.instagram.com/huntsmanag/`
    *   `https://www.linkedin.com/company/huntsman-architectural-group/mycompany/` - Instagram and Linkedin pages are present.

**Insights & Potential Observations:**

1.  **Strong Portfolio Focus:** The website heavily emphasizes their portfolio.  The ""Our Work"" section and multiple project-specific pages highlight the importance of showcasing past projects to attract new clients.

2.  **Areas of Expertise:** The ""Practice"" pages (and potentially the content on individual portfolio pages) likely outline the specific architectural design specializations they offer (e.g., workplace design, hospitality, etc.).

3.  **Project Pipeline Visibility:** The ""On the Boards"" section is a good way to demonstrate ongoing work and future capabilities to potential clients.

4.  **Team Emphasis:** ""Teamall"" indicates that the company values transparency and shows the individuals that create the architechtural work.

5.  **Potential CMS/Website Issues:**
    *   The presence of `copy-2-of-practice` suggests potential duplication and organizational issues within their content management system. This should be reviewed and cleaned up.
    *   The URL `https://www.huntsmanag.com/portfolio/%E2%80%8Btransportation-technology-company` shows an improperly encoded URL. They should ensure proper URL encoding for all project names.
    *  `https://www.huntsmanag.com/general-8` is a generic URL that needs to be renamed for better SEO and user experience.

6.  **External Validation:** The links to SFGate and Fast Company articles are positive. They indicate that Huntsman's work is recognized and featured in reputable publications.  These should be prominently displayed on the website (e.g., ""As Seen In"" section, press mentions on relevant project pages).

7.  **Social Media Presence:**  They have a presence on Instagram and LinkedIn, which is standard for professional service firms. Analyzing their activity on these platforms would provide further insights into their marketing strategy and audience engagement.

8.  **Careers Page:** Having a careers page makes it easy for prospects to apply and demonstrates the value that Huntsman puts into their talent.

**Recommendations for Improvement:**

*   **Clean Up Redundant/Poorly Named Pages:**  Remove or consolidate the `copy-2-of-practice` page.  Rename the `general-8` page to something descriptive.
*   **Fix URL Encoding:**  Ensure all URLs are properly encoded to avoid issues with special characters (like the zero-width space in the transportation technology company project).
*   **Improve Navigation:** Ensure clear and intuitive navigation between the different sections of the website. A well-defined sitemap is key to a good user experience.
*   **Showcase Press Coverage:** Prominently feature the articles from SFGate and Fast Company on their website (e.g., on relevant project pages or a dedicated ""Press"" section).
*   **SEO Optimization:** Optimize all pages for relevant keywords to improve search engine visibility.
*   **Analyze Social Media Performance:**  Track engagement metrics on Instagram and LinkedIn to refine their social media strategy.
*   **Consider a Blog:** A blog could be used to share insights, showcase expertise, and attract more organic traffic.
*   **Evaluate Cosmos:** Determine the purpose of the Cosmos page and decide if it should remain public or be moved to an internal resource.

This analysis is based solely on the provided URLs.  A more comprehensive analysis would require a review of the actual content on each page.
"
"Unknown Company","http://www.officeuntitled.com","[""https://www.officeuntitled.com/#genesis-content"",""https://www.officeuntitled.com/projects/"",""https://www.officeuntitled.com/news/"",""https://www.officeuntitled.com/about/"",""https://www.officeuntitled.com/about/our-practice/"",""https://www.officeuntitled.com/about/designapproach/"",""https://www.officeuntitled.com/about/oux-research-and-design-strategy/"",""https://www.officeuntitled.com/about/join-our-team/"",""https://www.officeuntitled.com/"",""https://www.officeuntitled.com/people/"",""https://www.officeuntitled.com/contact/"",""https://www.officeuntitled.com/#"",""https://www.officeuntitled.com/projects/harland-west-hollywood/"",""https://www.officeuntitled.com/projects/woodlark-hotel/"",""https://www.officeuntitled.com/projects/the-camps-at-coos-bay-lagoon/"",""https://www.officeuntitled.com/projects/ava-la-arts-district/"",""https://www.officeuntitled.com/projects/bcg-digital-ventures-ny/"",""https://www.officeuntitled.com/projects/cayton-childrens-musuem/"",""https://www.officeuntitled.com/projects/moreno/"",""https://www.instagram.com/officeuntitled/"",""https://www.linkedin.com/company/officeuntitled/"",""https://www.officeuntitled.com/#top""]","Okay, I've analyzed the provided URLs for officeuntitled.com. Here are some insights gleaned from the sitemap:

**Overall Structure and Focus:**

*   **Design/Architecture Firm:** The site is clearly for a design or architecture firm called ""Office Untitled."" The core focus appears to be showcasing their work and expertise.
*   **Standard Site Structure:** The structure follows a common pattern for design firms:
    *   `Projects`:  Highlights their portfolio of work.
    *   `About`: Details the firm's philosophy, team, and approach.
    *   `News`:  Likely shares updates, awards, press mentions, and company announcements.
    *   `Contact`:  Provides contact information.
    *   `People`: Profiles of team members, showcasing expertise.
*   **Emphasis on Visuals:** Design firms typically rely heavily on visuals. The ""Projects"" section is central, and likely uses strong imagery to showcase their designs.

**Detailed Insights:**

*   **Home Page (`/` and `/#genesis-content`, `/#top`):**
    *   The home page URLs (`/` and `/#...`) suggest the site is likely built on WordPress (or a similar CMS) using an anchor link navigation. `#genesis-content` probably indicates the main content area on the page. `/#top` is a standard ""back to top"" link.
*   **Projects (`/projects/`):**
    *   This section is a cornerstone of the site.
    *   The individual project URLs (`/projects/harland-west-hollywood/`, etc.) demonstrate a well-organized portfolio. The URL structure suggests clear and concise project names.
    *   The variety of projects (hotel, children's museum, office space, etc.) points to a diverse portfolio and potentially a wide range of design services offered.
*   **About (`/about/`):**
    *   The ""About"" section is broken down into sub-sections, indicating a detailed and comprehensive overview of the company:
        *   `Our Practice`:  Likely covers the firm's history, mission, and values.
        *   `Design Approach`: Explains their design philosophy and methodology.
        *   `OUX Research and Design Strategy`: Shows that they incorporate research into their design process. ""OUX"" is likely a proprietary name for their research/strategy approach. This is a differentiator.
        *   `Join Our Team`:  Indicates they are actively hiring, which is a good sign.
*   **Social Media (`instagram.com/officeuntitled/`, `linkedin.com/company/officeuntitled/`):**
    *   They actively maintain a presence on Instagram and LinkedIn. This is crucial for visual-heavy fields like design. Instagram would be primarily for showcasing their work, while LinkedIn is likely for professional networking, recruitment, and sharing industry-related content.

**Inferences and Potential Areas for Improvement:**

*   **Target Audience:**  The website seems geared towards potential clients, architects, designers, and prospective employees.
*   **Call to Action (CTA):** While I can't see the content, it's crucial to have clear calls to action (e.g., ""Contact Us,"" ""View More Projects,"" ""Learn More About Our Services"") prominently placed throughout the site, especially on the homepage and project pages.
*   **Mobile Friendliness:**  Assuming this is a modern site, it *should* be mobile-friendly.  This is absolutely essential, especially since much web traffic comes from mobile devices.
*   **SEO (Search Engine Optimization):**  The URL structure is clean, which is good for SEO. However, the actual content on each page needs to be optimized with relevant keywords.  The `OUX Research and Design Strategy` section sounds like a strong differentiator and should be highlighted for SEO purposes.
*   **Analytics:**  They should be using analytics (like Google Analytics) to track website traffic, user behavior, and conversions. This will help them understand what's working and what needs improvement.

**In conclusion, the provided URLs reveal a well-structured website for a design or architecture firm that aims to showcase its work, expertise, and company culture.** A deeper dive into the actual content of each page would provide even more valuable insights.
"
"Unknown Company","http://www.bora.co","[""https://bora.co/"",""https://bora.co/work/"",""https://bora.co/type/arts-culture/"",""https://bora.co/type/higher-education/"",""https://bora.co/type/pk-12-education/"",""https://bora.co/type/egd/"",""https://bora.co/type/on-the-boards/"",""https://bora.co/type/housing/"",""https://bora.co/type/affordable/"",""https://bora.co/type/multi-family/"",""https://bora.co/type/single-family/"",""https://bora.co/type/commercial/"",""https://bora.co/type/workplace/"",""https://bora.co/studio/"",""https://bora.co/people/"",""https://bora.co/level/principals/"",""https://bora.co/level/associate-principals/"",""https://bora.co/level/associates/"",""https://bora.co/level/staff/"",""https://bora.co/culture/"",""https://bora.co/design/"",""https://bora.co/#"",""https://bora.co/healthy-materials/"",""https://bora.co/mass-timber/"",""https://bora.co/building-science/"",""https://bora.co/wall/"",""https://bora.co/category/culture/"",""https://bora.co/category/design/"",""https://bora.co/category/research/"",""https://bora.co/category/press/"",""https://bora.co/contact/"",""https://bora.co/contact/careers/"",""https://bora.co/privacy-policy/"",""https://bora.co/project/portland-state-university-performing-arts-culture-center/?tax=selected&first=true"",""https://bora.co/project/wagner-noel-performing-arts-center/"",""https://bora.co/project/texas-am-innovative-learning-classroom-building/"",""https://bora.co/project/lincoln-high-school/?tax=selected&first=true"",""https://bora.co/work"",""https://bora.co/project/midland-library/?tax=selected&first=true"",""https://bora.co/project/texas-christian-university-school-of-music-arts-precinct-plan/?tax=selected&first=true"",""https://bora.co/project/texas-am-innovative-learning-classroom-building/?tax=selected&first=true"",""https://bora.co/how-architects-can-shape-high-performance-homes-through-better-communication/?tax=all"",""https://bora.co/opb-features-boras-revitalization-of-psu-vernier-science-center/?tax=all"",""https://bora.co/happy-holidays-from-bora-2/?tax=all"",""https://bora.co/amy-running-appointed-to-the-aia-materials-pledge-working-group/?tax=all""]","Based on the provided URLs, here's an analysis of BORA's website and insights we can glean from its sitemap:

**1. Core Business:**

*   **Architecture Firm:** The presence of ""work,"" ""studio,"" ""people,"" ""design,"" and project pages (like ""portland-state-university-performing-arts-culture-center"") clearly indicates that BORA is an architecture firm.

**2. Portfolio & Specialization:**

*   **Diverse Project Types:** They have a broad portfolio categorized by type, including:
    *   Arts & Culture
    *   Higher Education
    *   PK-12 Education (Primary & Secondary Education)
    *   EGD (Environmental Graphic Design) - Suggests they offer wayfinding and signage design.
    *   On the Boards (Projects in progress or planned)
    *   Housing (Sub-categorized as Affordable, Multi-Family, and Single-Family)
    *   Commercial
    *   Workplace
*   **Geographic Focus:** While not explicitly stated in the URL, several projects mention locations like ""Portland State University,"" ""Wagner Noel (Texas),"" and ""Texas A&M,"" suggesting a focus or at least a strong presence in the Pacific Northwest (Portland) and Texas.
*   **Key Projects:** Some projects are given more prominence, appearing multiple times.  This suggests these projects are particularly important or showcase key capabilities. Examples:
    *   Texas A&M Innovative Learning Classroom Building
    *   Portland State University Performing Arts & Culture Center
    *   Lincoln High School
    *   Midland Library
    *   Texas Christian University School of Music Arts Precinct Plan

**3. Expertise & Values:**

*   **Sustainability Focus:** The presence of pages dedicated to ""healthy-materials,"" ""mass-timber,"" and ""building-science"" demonstrates a commitment to sustainable and environmentally conscious design practices.
*   **Technical Expertise:** Focus on topics such as wall building show specialized knowledge of construction.
*   **Research & Innovation:** A ""category/research"" page suggests an investment in research and development, potentially leading to innovative design solutions.

**4. Company Structure & People:**

*   **Hierarchical Structure:** The ""people"" section is further divided into levels like ""principals,"" ""associate-principals,"" ""associates,"" and ""staff,"" revealing the hierarchical structure of the firm.
*   **Emphasis on People:** This likely indicates they value their employees and present them as a core part of the business.

**5. Content Strategy:**

*   **Blog/News:** The ""category/culture,"" ""category/design,"" ""category/research,"" and ""category/press"" sections likely represent blog categories or news sections, suggesting a content marketing strategy to share insights, news, and thought leadership. Examples include:
    *   Amy Running's Appointment to AIA Materials Pledge
    *   Article from OPB featuring Vernier Science Center.
    *   Architecture and high-performance homes.
*   **Use of ""tax=all/selected""** These parameters indicate the use of taxonomies for filtering/sorting content (projects, articles, etc.) This is helpful for navigation and displaying relevant content. The ""first=true"" implies a main or featured project.

**6. Navigation & Site Structure:**

*   **Clear Information Architecture:** The sitemap is relatively well-organized, with clear categories and subcategories for different aspects of the business.
*   **Footer Link:** The ""#"" likely represents a ""back to top"" anchor link (commonly used in footers).

**7. Recruitment:**

*   The link to `/contact/careers/` indicates active recruiting for new talent.

**In summary, BORA is an architecture firm with a diverse portfolio, a commitment to sustainable design, a hierarchical organizational structure, and a content marketing strategy to showcase their expertise and values.**
"
"Unknown Company","http://www.tamarackgrove.com","[""https://www.tamarackgrove.com/"",""https://www.linkedin.com/company/tamarack-grove-engineering/"",""https://www.instagram.com/tamarackgrove/"",""https://www.facebook.com/TamarackGrove"",""https://www.tamarackgrove.com/manufacturing"",""https://www.tamarackgrove.com/commercial"",""https://www.tamarackgrove.com/modular"",""https://www.tamarackgrove.com/public"",""https://www.tamarackgrove.com/facilities"",""https://www.tamarackgrove.com/about"",""https://www.tamarackgrove.com/tge-team"",""https://www.tamarackgrove.com/content"",""https://www.tamarackgrove.com/careers"",""https://www.tamarackgrove.com/payments"",""mailto:admin@tamarackgrove.com?subject=Website%20Contact"",""https://www.elevatemarketingadvisors.com/""]","Okay, I've analyzed the provided URLs to understand Tamarack Grove Engineering's sitemap and online presence. Here are my insights:

**Core Business & Services:**

*   **Tamarack Grove Engineering (TGE) is likely an engineering and construction firm.** The main website ([https://www.tamarackgrove.com/](https://www.tamarackgrove.com/)) is the central hub. The existence of pages like `/manufacturing`, `/commercial`, `/modular`, and `/public`, `/facilities` points to their areas of specialization.

*   **Focus on Diverse Building Sectors:** The presence of pages for Manufacturing, Commercial, Modular, Public (likely government or infrastructure projects), and Facilities implies they cater to a wide range of building types and industries.

*   **Emphasis on Modular Construction:** The dedicated `/modular` page suggests modular construction is a significant service offering, possibly a core competency or area of growth for the company.

**Company Information & Culture:**

*   **""About"" and ""TGE-Team"" pages:** ([https://www.tamarackgrove.com/about](https://www.tamarackgrove.com/about) and [https://www.tamarackgrove.com/tge-team](https://www.tamarackgrove.com/tge-team)) demonstrate transparency and an effort to connect with potential clients/employees on a personal level.  A team page suggests valuing their employees and showcasing their expertise.

*   **""Careers"" page:** ([https://www.tamarackgrove.com/careers](https://www.tamarackgrove.com/careers)) indicates the company is growing and actively seeking talent. This is a good sign of a healthy and expanding business.

**Online Presence & Marketing:**

*   **LinkedIn Presence:** ([https://www.linkedin.com/company/tamarack-grove-engineering/](https://www.linkedin.com/company/tamarack-grove-engineering/)) is crucial for B2B companies. This suggests they are actively engaging with industry professionals, sharing company updates, and potentially recruiting.

*   **Instagram & Facebook:** ([https://www.instagram.com/tamarackgrove/](https://www.instagram.com/tamarackgrove/) and [https://www.facebook.com/TamarackGrove](https://www.facebook.com/TamarackGrove)) are used for social media engagement. They likely use these platforms to showcase projects, company culture, and connect with a broader audience (including potential employees).

*   **""Content"" page:** ([https://www.tamarackgrove.com/content](https://www.tamarackgrove.com/content)) Suggests they are doing content marketing and SEO. This is how to get found for keywords like ""Manufacturing construction Idaho.""

*   **""Elevate Marketing Advisors"" URL:** ([https://www.elevatemarketingadvisors.com/](https://www.elevatemarketingadvisors.com/)) reveals that Tamarack Grove is working with a marketing agency. This reinforces that they are investing in their brand and online presence.

**Business Operations:**

*   **""Payments"" page:** ([https://www.tamarackgrove.com/payments](https://www.tamarackgrove.com/payments)) Suggests they are taking payments online. It is good customer service for clients.

*   **Email Contact:** `mailto:admin@tamarackgrove.com?subject=Website%20Contact` This is a standard contact email, implying a central point of contact for website inquiries.

**Overall Impression:**

Tamarack Grove Engineering appears to be a well-established and growing engineering/construction firm with a diverse portfolio and a commitment to online presence and marketing. Their focus on modular construction and their active social media presence may indicate a forward-thinking approach to the industry. The investment in marketing (Elevate Marketing Advisors) suggests a strategic approach to business development.
"
"Unknown Company","http://www.johnsonfain.com","[""https://www.johnsonfain.com/#content"",""https://www.johnsonfain.com/"",""https://www.johnsonfain.com/projects/?_sft_project_discipline=architecture"",""https://www.johnsonfain.com/projects/?_sft_project_discipline=urban-design-planning"",""https://www.johnsonfain.com/projects/?_sft_project_discipline=interiors"",""https://www.johnsonfain.com/#"",""https://www.johnsonfain.com/about-us/firm-profile/"",""https://www.johnsonfain.com/about-us/people/"",""https://www.johnsonfain.com/about-us/firm-profile/#process"",""https://www.johnsonfain.com/about-us/sustainability/"",""https://www.johnsonfain.com/about-us/careers/"",""https://www.johnsonfain.com/about-us/news/"",""https://www.johnsonfain.com/contact-us/"",""https://www.johnsonfain.com/search/"",""https://www.johnsonfain.com/about-us/office-to-residential/"",""https://www.johnsonfain.com/news/announcements/new-book-release-tectonics-of-place-ii-the-architecture-of-johnson-fain/"",""https://www.johnsonfain.com/news/first-americans-museum-wins-national-build-america-award/"",""https://www.johnsonfain.com/projects/architecture/residential/museum-tower/"",""https://www.johnsonfain.com/projects/architecture/residential/runway-at-playa-vista/"",""https://www.johnsonfain.com/projects/architecture/residential/private-residence-ojai/"",""https://www.johnsonfain.com/projects/urban-design-planning/city-additions/knowledge-city/"",""https://www.johnsonfain.com/projects/urban-design-planning/workplace/amgen/"",""https://www.johnsonfain.com/projects/interiors/commercial/knife-pleat/"",""https://www.johnsonfain.com/projects/urban-design-planning/campuses-studios/genentech/"",""https://www.johnsonfain.com/projects/architecture/residential/private-residence-beverly-hills/"",""https://www.johnsonfain.com/projects/interiors/commercial/city-national-bank-oakland/"",""https://www.johnsonfain.com/projects/urban-design-planning/city-additions/jiangwan-new-town/"",""https://www.johnsonfain.com/projects/architecture/mobility/metro-station-design/"",""https://www.johnsonfain.com/projects/urban-design-planning/civic/west-la-va-campus/"",""https://www.johnsonfain.com/about-us/firm-profile/#alt-content-1"",""tel:+13232246000"",""mailto:bd@johnsonfain.com"",""https://www.facebook.com/JohnsonFain/"",""https://www.linkedin.com/company/johnsonfain"",""https://instagram.com/johnsonfain/"",""https://www.johnsonfain.com/privacy-policy/"",""https://www.johnsonfain.com/terms-of-use""]","Okay, let's analyze the Johnson Fain website's sitemap based on the provided URLs. Here's a breakdown and some insights:

**1.  Core Structure & Navigation:**

*   **Homepage:** `https://www.johnsonfain.com/` and `https://www.johnsonfain.com/#content` indicate a standard homepage. The `#content` suggests a jump link to the main content section on the page, potentially for accessibility or quick navigation.
*   **About Us:** A comprehensive ""About Us"" section covers:
    *   `Firm Profile`:  Includes information about the company's history, philosophy, and approach.  The `#process` anchor link within the Firm Profile indicates a specific subsection focusing on their design/work process.  `#alt-content-1` suggests potential variation in content on the firm profile page.
    *   `People`:  Showcases the team members and their expertise.
    *   `Sustainability`:  Highlights their commitment to sustainable design practices.
    *   `Careers`:  Provides information for job seekers.
    *   `News`: Keeps visitors updated on firm achievements and company news.
    *   `Office-to-Residential`: Seems to be a focus area or initiative around converting office space into residential properties.

*   **Projects:** This is a central section showcasing their portfolio.  They've categorized projects by discipline:
    *   `Architecture`
    *   `Urban Design & Planning`
    *   `Interiors`
    *   Further categorization within each discipline is evident in the individual project URLs (e.g., within Architecture: Residential, Mobility).

*   **Contact Us:**  Provides contact information and likely a form for inquiries.
*   **Search:**  A search functionality is available to help users find specific content.

**2. Project Categories & Examples:**

This sitemap reveals the firm works on diverse types of projects:

*   **Architecture:**
    *   Residential (e.g., `Museum Tower`, `Runway at Playa Vista`, `Private Residence Ojai`, `Private Residence Beverly Hills`)
    *   Mobility (e.g., `Metro Station Design`)
*   **Urban Design & Planning:**
    *   City Additions (e.g., `Knowledge City`, `Jiangwan New Town`)
    *   Workplace (e.g., `Amgen`)
    *   Campuses & Studios (e.g., `Genentech`)
    *   Civic (e.g., `West LA VA Campus`)
*   **Interiors:**
    *   Commercial (e.g., `Knife Pleat`, `City National Bank Oakland`)

**3. News & Publications:**

*   The `news` section includes categories and individual news articles:
    *   `Announcements`:  This suggests they post official company announcements.
    *   Specific news articles (e.g., new book release, award win).

**4.  Utility Links:**

*   `privacy-policy` and `terms-of-use`: Standard legal pages.

**5. Social Media Integration:**

*   Links to `Facebook`, `LinkedIn`, and `Instagram` indicate a social media presence.

**6. Contact Information:**

* The site provides the contact number `tel:+13232246000` and email address `mailto:bd@johnsonfain.com`.

**Insights & Potential Implications:**

*   **Clear Specialization:**  Johnson Fain clearly defines its expertise in Architecture, Urban Design & Planning, and Interiors. The project filters emphasize these areas.
*   **Portfolio Focus:** The detailed project pages and categorization highlight the importance of showcasing their work.  This is typical for architecture and design firms.
*   **Location & Clientele:**  The project names and ""Office to Residential"" focus suggest a strong presence in California (e.g., Playa Vista, Beverly Hills) and possibly a focus on clients in the commercial sector (Amgen, Genentech, City National Bank). The Jiangwan New Town project points to an international reach in China.
*   **Thought Leadership/Branding:** The news section and the publication of a book (`Tectonics of Place II`) indicate an effort to position the firm as thought leaders in the industry.
*   **Recruiting:** The presence of a careers page indicates the company is actively seeking new employees.
*   **Modern Design:** Jump links (`#content`) and project filters suggest they are incorporating modern web design practices.
*   **Emphasis on process:** The `#process` anchor link in the Firm Profile and `#alt-content-1` suggest the firm is working to highlight its design process and project details for interested parties.

**Potential areas for further investigation (requiring visiting the actual website):**

*   **Visual Design and User Experience:** The URLs don't tell us anything about the aesthetic appeal or user-friendliness of the site.
*   **Mobile Responsiveness:**  Is the site designed to work well on different devices?
*   **Project Detail:**  The quality and depth of information on the individual project pages are crucial.
*   **Blog/Articles:**  The news section could be more robust, with articles showcasing their expertise and insights.
*   **SEO (Search Engine Optimization):**  While the URL structure is decent, a deeper analysis would be needed to assess their SEO performance.
*   **Call to Action:** Are there clear calls to action (e.g., ""Contact Us,"" ""View Our Portfolio"") to encourage engagement?
"
"Unknown Company","http://www.thedavisexperience.com","[]","Error: No valid sitemap data received."
"Unknown Company","http://www.mve-architects.com","[""https://www.mve-architects.com/"",""https://www.mve-architects.com/company/about/"",""https://www.mve-architects.com/company/leadership/"",""https://www.mve-architects.com/affiliates-page/"",""https://www.mve-architects.com/featured-projects/"",""https://www.mve-architects.com/projects_category/residential/"",""https://www.mve-architects.com/projects_category/retailmixed-use/"",""https://www.mve-architects.com/projects_category/transit-oriented-developments/"",""https://www.mve-architects.com/projects_category/hospitality/"",""https://www.mve-architects.com/projects_category/commercialoffice/"",""https://www.mve-architects.com/projects_category/institutionalcivic/"",""https://www.mve-architects.com/projects_category/studenthousing/"",""https://www.mve-architects.com/projects_category/affordablehousing/"",""https://www.mve-architects.com/projects_category/automotive/"",""https://www.mve-architects.com/projects_category/planning/"",""https://www.mve-architects.com/projects_category/interiors/"",""https://www.mve-architects.com/careers/"",""https://www.mve-architects.com/careers#featured-articles"",""https://www.mve-architects.com/culture/"",""https://www.mve-architects.com/news/"",""https://www.mve-architects.com/connect/clips/"",""https://www.mve-architects.com/contact/"",""https://www.mve-architects.com/projects/mandarin-oriental-residences/"",""https://www.mve-architects.com/projects/rosewood-residences-beverly-hills/"",""https://www.mve-architects.com/projects/pacific-city/"",""https://www.mve-architects.com/projects/overland-ayres/"",""https://www.mve-architects.com/projects/1111-hill-street-tower/"",""https://www.mve-architects.com/projects/1201-south-grand/"",""https://www.mve-architects.com/projects/post-house-apartments/"",""https://www.mve-architects.com/projects/bixel-city-west-tower/"",""https://www.mve-architects.com/projects/astr/"",""https://www.mve-architects.com/projects/one-museum-square/"",""https://www.mve-architects.com/projects/200-n-vermont-ave/"",""https://www.mve-architects.com/projects/1233-south-grand/"",""https://www.mve-architects.com/page/2/"",""https://www.mve-architects.com/page/3/"",""https://linkedin.com/company/821410"",""https://instagram.com/mve_architects/"",""https://facebook.com/mve.architects/"",""https://twitter.com/mve_architects/"",""mailto:info@mve-architects.com"",""https://www.mve-architects.com/privacy-policy""]","Okay, based on the provided URLs, here's an analysis and insights into MVE Architects' website structure:

**Overall Structure & Navigation:**

*   **Project-Focused:** The site clearly emphasizes their project portfolio.  There's a ""Featured Projects"" section and, more importantly, a comprehensive categorization of projects by type. This indicates they want to showcase their expertise across various sectors.
*   **Standard Company Information:**  The usual ""About,"" ""Leadership,"" ""Careers,"" ""Contact,"" and ""News"" sections are present, offering essential information about the company, its people, culture, and latest activities.
*   **Clear Categorization:** The project categories are well-defined, suggesting a structured approach to showcasing their diverse experience.  This helps potential clients easily find relevant work.
*   **Affiliates Page:** The existence of an ""Affiliates Page"" suggests that MVE Architects either have subsidiary companies or close relationships with partners they want to promote.
*   **Social Media Presence:** The inclusion of LinkedIn, Instagram, Facebook, and Twitter links indicates a commitment to online marketing and engagement with their audience across different platforms.
*   **Pagination for Projects:** The presence of `/page/2/` and `/page/3/` suggests a substantial project portfolio, requiring pagination to present all projects.
*   **Privacy Policy:** This is a legal requirement and reflects good online practices.

**Key Insights & Possible Interpretations:**

1.  **Target Audience:** The site is likely targeted towards potential clients (developers, investors, businesses, institutions), prospective employees, and possibly industry partners.

2.  **Strengths & Specializations:** The detailed project categories reveal their key strengths:
    *   **Residential:**  A significant focus, likely including multi-family, single-family, and luxury residences.
    *   **Retail/Mixed-Use:**  Demonstrates experience in creating integrated spaces combining shopping and living.
    *   **Transit-Oriented Developments:** This is a specialized area, suggesting expertise in designing projects that integrate with public transportation systems.
    *   **Hospitality:**  Suggests a focus on hotels, resorts, and related projects.
    *   **Commercial/Office:** Designs for corporate spaces and office buildings.
    *   **Institutional/Civic:**  Public buildings, schools, government facilities, etc.
    *   **Student Housing:** Developing housing for universities and colleges.
    *   **Affordable Housing:**  Potentially serving non-profit organizations and addressing housing shortages.
    *   **Automotive:**  Designing car dealerships and automotive-related facilities.
    *   **Planning:** This suggests they offer urban planning services as well.
    *   **Interiors:** Interior design services are offered, showing a comprehensive service offering.

3.  **Emphasis on Visuals:** Given the industry, it's probable that the project pages are heavily visual, featuring high-quality images and renderings. This is crucial for showcasing their design capabilities. The Instagram link supports this.

4.  **Recruitment Efforts:** The ""Careers"" and ""Culture"" sections, along with ""Careers#featured-articles,"" indicate an active recruitment strategy.  They are likely trying to attract top talent by highlighting their company culture and showcasing employee success stories.

5.  **Public Relations & Thought Leadership:** The ""News"" and ""Connect/Clips"" sections suggest an effort to share company updates, project milestones, and potentially media coverage. This helps build brand awareness and establish them as thought leaders in the industry.

6.  **Project Selection:** The specific project URLs (e.g., ""mandarin-oriental-residences,"" ""rosewood-residences-beverly-hills,"" ""pacific-city"") suggest they work on high-profile, luxury projects and large-scale developments.  These projects likely serve as strong selling points.

**Potential Areas for Improvement (Based on Limited Data):**

*   **Search Functionality:**  While not explicitly mentioned in the URLs, a robust search function is crucial for users to find specific projects or expertise.
*   **Responsiveness/Mobile-Friendliness:**  Given the prevalence of mobile browsing, the website should be fully responsive and optimized for mobile devices.  (This can't be determined from URLs alone.)
*   **SEO Optimization:**  While the project categories are good, further SEO optimization (keyword research, meta descriptions, etc.) could improve organic search rankings.
*   **Case Studies:** Consider adding in-depth case studies to projects to demonstrate the process of planning, designing, and building these projects.

In conclusion, MVE Architects' website appears to be well-structured and project-focused, targeting potential clients, prospective employees, and industry partners. The extensive project categories and dedicated sections for company information, news, and careers contribute to a comprehensive online presence. However, elements like search functionality, mobile responsiveness, and SEO optimization should be considered for further improvement.
"